{
  "1 января": "Сегодня удачный день для новых начинаний.",
  "2 января": "Вы встретите человека, который изменит вашу жизнь.",
  "3 января": "Удача на вашей стороне!",
  "4 января": "Смелый шаг приведет к успеху.",
  "5 января": "Ожидайте хороших новостей.",
  "6 января": "Ваша интуиция сегодня безупречна.",
  "7 января": "Улыбка привлечет позитивные события.",
  "8 января": "Этот день принесет неожиданный сюрприз.",
  "9 января": "Ваша энергия вдохновляет других.",
  "10 января": "Сегодня лучшее время для планирования.",
  "11 января": "День подходит для творчества.",
  "12 января": "Ожидайте интересное предложение.",
  "13 января": "Спокойствие принесет ясность.",
  "14 января": "Хорошее настроение будет с вами весь день.",
  "15 января": "Удачный момент для начала нового хобби.",
  "16 января": "Вас ждет неожиданная награда.",
  "17 января": "Сегодняшний день принесет мудрость.",
  "18 января": "Будьте открыты новым знакомствам.",
  "19 января": "Финансовая удача рядом.",
  "20 января": "День подходит для отдыха и расслабления.",
  "21 января": "Ваша доброта вернется сторицей.",
  "22 января": "Сегодня вы найдете ответы на сложные вопросы.",
  "23 января": "Хороший день для заключения сделок.",
  "24 января": "Ваша решительность будет вознаграждена.",
  "25 января": "Отличное время для обучения.",
  "26 января": "Любопытство приведет к неожиданным открытиям.",
  "27 января": "Этот день подарит вдохновение.",
  "28 января": "Ваша харизма привлечет внимание.",
  "29 января": "Будьте готовы к неожиданной встрече.",
  "30 января": "Улыбнитесь, день будет легким и приятным.",
  "31 января": "Ваши усилия принесут результат.",
  "1 апреля": "Сегодня твой день! Забирай промокод на первый заказ в купере - 750at",
  "777": "Умный попался… Забирай промокод на три бесплатные поездки в ситидрайв - AVTO268"
}